1,theers,Matthew,Henderson,the@ers.com,123,1234567980,,1
2,thaham,Ethan,Hammons,tha@Ham.com,123,1234567980,,1
3,uinrphe,Quinn,Murphey,uin@rphe.com,123,1234567980,,1
4,victtad,Victor,Hurtado,Vict@tad.com,123,1234567980,,1
5,atthnderso,Matthew,Henderson,atth@nderso.com,123,1234567980,,0
6,ethaeas,Ethan,Please,Etha@eas.com,123,1234567980,,0
7,uintte,Quinn,lettter,uin@tte.com,123,1234567980,,0
8,ictomes,Victor,meson,icto@mes.com,123,1234567980,,0
9,tthekno,Matthew,know,tthe@kno.com,123,1234567980,,0
10,ethbyr,Ethan,byre,Eth@byr.com,123,1234567980,,0
11,uinthe,Quinn,them,uin@the.com,123,1234567980,,0
12,ctoende,Victor,ender,cto@ende.com,123,1234567980,,0
13,atthofff,Matthew,offfer,atth@offf.com,123,1234567980,,0
14,ethaere,Ethan,therer,Etha@ere.com,123,1234567980,,0
15,uinday,Quinn,dayz,uin@day.com,123,1234567980,,0
16,ictorro,Victor,tomorrow,icto@rro.com,123,1234567980,,0
17,ttheabou,Matthew,about,tthe@abou.com,123,1234567980,,0
18,thawhic,Ethan,which,tha@whic.com,123,1234567980,,0
19,quinyst,Quinn,subsystem,Quin@yst.com,123,1234567980,,0
20,ictourtad,Victor,Hurtado,icto@urtad.com,123,1234567980,,0

